{"cameraMode":{"drawMode":0,"name":"Shaded","section":"Shading Mode"},"sceneLighting":true,"audioPlay":false,"sceneViewState":{"m_AlwaysRefresh":false,"showFog":true,"showSkybox":true,"showFlares":true,"showImageEffects":true,"showParticleSystems":true,"showVisualEffectGraphs":true,"m_FxEnabled":true},"in2DMode":false,"pivot":{"x":22.78565216064453,"y":3.201873779296875,"z":17.362504959106447},"rotation":{"x":-0.07072219252586365,"y":0.09589133411645889,"z":-0.006841565016657114,"w":-0.9928879737854004},"size":0.719864547252655,"orthographic":false}