{"cameraMode":{"drawMode":0,"name":"Shaded","section":"Shading Mode"},"sceneLighting":true,"audioPlay":false,"sceneViewState":{"m_AlwaysRefresh":false,"showFog":true,"showSkybox":true,"showFlares":true,"showImageEffects":true,"showParticleSystems":true,"showVisualEffectGraphs":true,"m_FxEnabled":true},"in2DMode":false,"pivot":{"x":20.56829261779785,"y":3.0916202068328859,"z":15.866562843322754},"rotation":{"x":0.29909583926200869,"y":0.14076928794384004,"z":-0.044637177139520648,"w":0.942754328250885},"size":1.645467758178711,"orthographic":false}