{"cameraMode":{"drawMode":0,"name":"Shaded","section":"Shading Mode"},"sceneLighting":true,"audioPlay":false,"sceneViewState":{"m_AlwaysRefresh":false,"showFog":true,"showSkybox":true,"showFlares":true,"showImageEffects":true,"showParticleSystems":true,"showVisualEffectGraphs":true,"m_FxEnabled":true},"in2DMode":false,"pivot":{"x":9.692573547363282,"y":-90.29351043701172,"z":290.4908447265625},"rotation":{"x":0.1863570660352707,"y":-0.06038786470890045,"z":0.011479155160486699,"w":0.9805713891983032},"size":145.09185791015626,"orthographic":false}