{"cameraMode":{"drawMode":0,"name":"Shaded","section":"Shading Mode"},"sceneLighting":true,"audioPlay":false,"sceneViewState":{"m_AlwaysRefresh":false,"showFog":true,"showSkybox":true,"showFlares":true,"showImageEffects":true,"showParticleSystems":true,"showVisualEffectGraphs":true,"m_FxEnabled":true},"in2DMode":false,"pivot":{"x":0.07375384122133255,"y":1.5299235582351685,"z":0.6601666212081909},"rotation":{"x":0.09016022086143494,"y":-0.026620695367455484,"z":0.0024014520458877088,"w":0.9956128001213074},"size":1.5603129863739014,"orthographic":false}