{"cameraMode":{"drawMode":0,"name":"Shaded","section":"Shading Mode"},"sceneLighting":true,"audioPlay":false,"sceneViewState":{"m_AlwaysRefresh":false,"showFog":true,"showSkybox":true,"showFlares":true,"showImageEffects":true,"showParticleSystems":true,"showVisualEffectGraphs":true,"m_FxEnabled":true},"in2DMode":false,"pivot":{"x":18.487579345703126,"y":4.603015899658203,"z":6.598366737365723},"rotation":{"x":-0.0018722458044067026,"y":-0.985317051410675,"z":0.1707715392112732,"w":-0.010628518648445607},"size":1.255342960357666,"orthographic":false}