{"cameraMode":{"drawMode":0,"name":"Shaded","section":"Shading Mode"},"sceneLighting":true,"audioPlay":false,"sceneViewState":{"m_AlwaysRefresh":false,"showFog":true,"showSkybox":true,"showFlares":true,"showImageEffects":true,"showParticleSystems":true,"showVisualEffectGraphs":true,"m_FxEnabled":true},"in2DMode":false,"pivot":{"x":3.4126346111297609,"y":1.4616858959197999,"z":1.5496909618377686},"rotation":{"x":-0.09054490178823471,"y":0.7402332425117493,"z":-0.10199561715126038,"w":-0.6583948731422424},"size":1.359816312789917,"orthographic":false}