{"cameraMode":{"drawMode":0,"name":"Shaded","section":"Shading Mode"},"sceneLighting":true,"audioPlay":false,"sceneViewState":{"m_AlwaysRefresh":false,"showFog":true,"showSkybox":true,"showFlares":true,"showImageEffects":true,"showParticleSystems":true,"showVisualEffectGraphs":true,"m_FxEnabled":true},"in2DMode":false,"pivot":{"x":24.685672760009767,"y":-0.5845193862915039,"z":8.451947212219239},"rotation":{"x":0.14999999105930329,"y":0.6008217334747315,"z":-0.11605450510978699,"w":0.7765596508979797},"size":4.485826015472412,"orthographic":false}