{"cameraMode":{"drawMode":0,"name":"Shaded","section":"Shading Mode"},"sceneLighting":false,"audioPlay":false,"sceneViewState":{"m_AlwaysRefresh":false,"showFog":true,"showSkybox":false,"showFlares":true,"showImageEffects":true,"showParticleSystems":true,"showVisualEffectGraphs":true,"m_FxEnabled":true},"in2DMode":false,"pivot":{"x":-0.35950854420661929,"y":7.800686836242676,"z":0.3307187557220459},"rotation":{"x":0.11018374562263489,"y":-0.011296574957668782,"z":0.0012368899770081044,"w":0.9939009547233582},"size":7.502050399780273,"orthographic":false}